Version;SupportBegin;SupportEnd
1.0.0;2025-04-14T23:28:49;2027-07-14T00:00:00
1.0.1;2025-04-15T02:34:40;2027-07-15T00:00:00
1.0.2;2025-04-19T19:09:20;2027-07-19T00:00:00
1.0.3;2025-06-29T00:00:00;2027-09-28T00:00:00
1.0.4;2025-07-26T00:00:00;2027-10-25T00:00:00
1.0.5;2025-09-08T00:00:00;2027-12-08T00:00:00
1.0.6;2025-11-10T00:00:00;2027-02-09T00:00:00
1.1.0;2025-11-10T00:00:00;2027-02-09T00:00:00
1.0.7;2025-11-10T00:00:00;2027-02-09T00:00:00
1.1.1;2025-11-10T00:00:00;2027-02-09T00:00:00
1.1.2;2025-11-11T00:00:00;2027-02-10T00:00:00
1.1.3;2026-02-17T00:00:00;2027-05-19T00:00:00